Tweet Number,Username,Text,Created At,Retweets,Likes
1,JCP in Devon,"Administrator - Volunteer Mentor Unit (Full Time) at Seetec #RemoteWorking #SouthWest.

Info/apply: https://t.co/JnogvIRzgV

#DevonJobs #AdminJobs https://t.co/8Sbe4CQ8Sl",Mon Oct 14 12:01:46 +0000 2024,0,0
2,Gren Gale at PM Results,4 easy ways to stop video conference screen freezes.  How to overcome the frustrations of video conferencing https://t.co/GcPrRsmvll #remotework #remotejobs #covid #zoom #videoconferencing #zoom #screenfreeze #remoteworking #workingfromhome #wfh  #socialdistancing #homeoffice https://t.co/mXTbZMkB8a,Mon Oct 14 14:59:40 +0000 2024,0,0
3,Rapid Formations,"In the age of #RemoteWorking, you can #work from anywhere, and you don‚Äôt need much to get started. https://t.co/j6qPdeYxbu",Mon Oct 14 14:05:20 +0000 2024,0,0
4,The Lean Startup Life,"What To Know About Virtual Workforces And Office Administration https://t.co/XK3kBLhxsJ

#Workforce #VirtualOffice #RemoteWork #RemoteWorking https://t.co/NBRsctb0om",Mon Sep 09 20:10:56 +0000 2024,2,3
5,Where Women Work,"Ah yes, working from home! The joy indeed! Here are some funny thoughts about #remoteworking to make you laugh ü§£ üëâüèº https://t.co/L3pKEIWh3z 

#workfromhome #womenreturners #worklifebalance #flexibleworking #parttimejobs #jobs https://t.co/ioCjKVQU3y",Fri Sep 20 08:15:41 +0000 2024,0,3
6,Tidy,"Want to work wherever? Whenever? Tidy comes in a web appüì±So that you can continue to work no matter where you are üòé

#Tidy #webapp #wfm #remoteworking #stockmanagement #tidyinternational #SaaS https://t.co/cOQ7XDcDuQ",Wed Sep 18 23:00:21 +0000 2024,0,0
7,The Lean Startup Life,"5 Reasons To Regularly Send Gifts To Remote Employees https://t.co/ZKRWkkbLXh

#RemoteWork #RemoteWorking #HR #Rewards #WFH #EmployeeSpotlight #EmployeeEngagement #Workers #EmployeeBenefits #Employees #Employee #Manager https://t.co/aLuKymBK8i",Fri Aug 16 13:10:11 +0000 2024,0,0
8,Venia Hub,"üè¢ vs. üè°. The Great Debate!

We want to hear from you! Do you prefer remote work or working from an office? 
 Comment with your choice and reason.

#veniabizhub #remotework #remoteworking https://t.co/3nfd7zigpf",Wed Aug 07 12:01:42 +0000 2024,0,0
9,We Work Remotely,"Have you figured out how to avoid the ‚ÄòCan you hear me?‚Äô and ‚ÄòYou‚Äôre on mute!‚Äô loop during every meeting? üôÉüéß

#remotelife #remoteworking #wfhlife #remotework #workhumor #relatable #weworkremotely #wfhstruggles https://t.co/0mDByt2i18",Sun Sep 08 15:00:06 +0000 2024,0,1
10,Ekovista.com,"Remote work solutions such as video conferencing software, project management tools, cloud-based storage and more. Connect with us.

#computerhelp #workingremotely #remotework #workfromhome #remoteworking #remotesupport #remoteuser #homeoffice #telecommuters #ekovista https://t.co/R6D4syEvLt",Wed Sep 04 14:11:01 +0000 2024,0,0
11,Growth Hackers üöÄ,"What do people think working #remotely mean?
- What my family thinks I do
- What my friends think I do
- What I think I do
- What I really do

https://t.co/42of12WWTo

#Remote #RemoteWorking #RemoteJobs #WorkingRemotely #Freelancer #Freelancers #Business #WorkFromHome #WFH https://t.co/USUgxrVSKM",Fri Sep 20 14:22:02 +0000 2024,0,0
12,Global English Accredited TEFL Courses,"Dreaming of a remote job that lets you work from anywhere? TEFL is your answer! Visit https://t.co/nnH61MnHNq &amp; sign up üîΩ

#TEFL #RemoteWork #remotejob #TeachingEnglish  #travel #FlexibleJob #OnlineTeacher #globalcareer #jobtips  #remote #remoteworking #bestremotejobs #travel https://t.co/xFtVHMp1Z5",Mon Oct 07 11:51:27 +0000 2024,0,1
13,FreeConference,"Thinking About Remote Work? Start Here 
-----&gt;https://t.co/qF4qgX3hND

#remotework #workfromhome #remoteworking #digitalnomad #entrepreneur #wfh #business #coworking #covid #workfromanywhere #remotejobs #freelance #homeoffice #freelancer #startup #virtualassistant #remoteworker https://t.co/sfVqTvE6mU",Tue Sep 24 18:30:10 +0000 2024,0,1
14,Femto ‚ö°,"Hey has anyone found a way to monetize job application rejection letters? I might be sitting on a fortune here.

#vuejs #webgpu #forHire #remoteworking",Wed Sep 04 19:46:27 +0000 2024,0,11
15,We Work Remotely,"How my boss thinks we should react when he joins the group chat üòÑ What‚Äôs your reaction? üëáüèº

#workhumor #weworkremotely #remotework #wfh #remoteteam #remoteworking https://t.co/khJyBF1r2p",Sun Sep 01 16:26:39 +0000 2024,0,1
16,Gren Gale at PM Results,Krisp is a very effective Noise Cancellation App for remote working.  Read our review. https://t.co/jOFSD5jUYc  #COVID #remotework #remotejobs #remoteworking  #webinar #freelancer #wfh #homeoffice #noise #work #videoconference #zoom #callcenter https://t.co/cGliYDhrVW,Mon Oct 14 08:10:47 +0000 2024,0,0
17,We Work Remotely,"My manager asked if I want to switch to fully remote work. Just trying to contain my excitement! üòçü•≥

#Wfh #WorkFromAnywhere #RemoteWork #WorkFromHomeLife #WeWorkRemotely #RemoteWorking https://t.co/z02SZnI22A",Fri Sep 06 14:30:03 +0000 2024,0,2
18,FreeConference,"When you hear ""crunch"" the numbers.
---&gt;https://t.co/EZX3ykKsem

#remotework #workfromhome #remoteworking #digitalnomad #entrepreneur #pets #business #coworking #workfromanywhere #remotejobs #freelance #homeoffice #freelancer #workmeme #workmemes #to #officehumor #workhumor #dogs https://t.co/ROzJq5PLZb",Thu Sep 26 18:30:05 +0000 2024,0,1
19,KOstas,The Dark Side of Remote Work No One Talks About by @KayDeeTweetz https://t.co/aLyLG1Fxab #RemoteWorking #remotework  #Work #Productivity #lifestyle https://t.co/VpVrruBl2F,Mon Sep 23 06:07:12 +0000 2024,0,2
20,Wa_Ge üòà,"Newest addition to my Zowort Cohort 

#gundam #wfm https://t.co/iO2NtFqq5v",Thu Oct 10 00:00:31 +0000 2024,0,5
21,Ablestate,"With remote opportunities increasing, there‚Äôs never been a better time to upgrade your tech skills!‚Äù

#skills #tech #remoteworking",Wed Oct 09 04:02:39 +0000 2024,1,2
22,JCP in Cumbria,"Community Digital Support Officer with @ParkinsonsUK 

Remote Working 

Closes 21 October 

See https://t.co/30iVDPQlno 

#CumbriaJobs #Remoteworking https://t.co/83xdRlN1um",Tue Oct 08 10:30:16 +0000 2024,1,2
23,Digital Economy Report,"A surge in remote working has put the focus on cloud services to support work-from-home requirements, maintain business continuity and build business resilience.

By @Gartner_inc https://t.co/5KRX1GgUgs rt @antgrasso #RemoteWorking #CloudComputing https://t.co/h5iblgQp1C",Wed Oct 09 07:32:17 +0000 2024,9,22
24,ISG Software Research,"Better schedules = happier employees! üåü Discover how advanced #WFM tools enhance the employee experience in our latest piece. Read more ‚û°Ô∏è https://t.co/i195SSMdsB  

#HCM #EX #WorkforceManagement #EmployeeExperience",Tue Oct 08 22:00:59 +0000 2024,0,2
25,Women Foundation Ministries,"Day 12 of UMH/UMM in Healthy and Wealthy Families. 

Single Women Special  Gathering!

#UMH2024 #UMM2024 #UMHUMM2024 #WFM #NFC #ApostleMignonne #Healthy&amp;WealthyFamilies https://t.co/BF0NpSUB2N",Sun Oct 13 17:09:41 +0000 2024,1,10
26,Ciso Online Club,"65% of remote workers do not want to return to the office - here's why https://t.co/amhp7rVuJ1 #RemoteWorking #WFH
rt @wef https://t.co/E1kVvZtv3J",Sat Oct 05 23:26:54 +0000 2024,0,1
27,Amy Lynn,#Annikas #freelance jobs. https://t.co/WiPTBfUwMQ #remotejobs #sidegigs #sidehustle #virtualjobs #workremotely #remotework #usabilitytesting #freelancer #workathome #remotegigs #remoteworking,Thu Oct 10 16:00:23 +0000 2024,0,2
28,Women Foundation Ministries,"Day 10 of UMH/UMM in Healthy and Wealthy Families. 
Talkshow.

#Day10 #TalkShow #UMH2024 #UMM2024 #UMHUMM2024 #WFM #NFC #ApostleMignonne #Healthy&amp;WealthyFamilies https://t.co/OukxvYwPwL",Thu Oct 10 11:01:11 +0000 2024,2,8
29,Women Foundation Ministries,"Day 12 of UMH/UMM in Healthy and Wealthy Families. 

Sunday Impact Service!

#UMH2024 #UMM2024 #UMHUMM2024 #WFM #NFC #ApostleMignonne #Healthy&amp;WealthyFamilies https://t.co/KDfIsXsNYU",Sun Oct 13 17:31:00 +0000 2024,0,3
30,Women Foundation Ministries,"Day 12 of UMH/UMM in Healthy and Wealthy Families. 

Sunday Impact Service!

#UMH2024 #UMM2024 #UMHUMM2024 #WFM #NFC #ApostleMignonne #Healthy&amp;WealthyFamilies https://t.co/OAEtKO0vbM",Sun Oct 13 21:48:34 +0000 2024,0,8
31,Prof. Heejung Chung,Happy to be giving the plenary speech on this on the 6th December 2pm Italian time on the #FlexibilityParadox and #FlexibilityStigma. What is in the future for #remoteworking?,Fri Oct 11 09:55:24 +0000 2024,7,12
32,Women Foundation Ministries,"Day 9 of UMH/UMM in Healthy and Wealthy Families. 
Girls Impact gathering.

#Day9 #TalkShow #UMH2024 #UMM2024 #UMHUMM2024 #WFM #NFC #ApostleMignonne #Healthy&amp;WealthyFamilies https://t.co/He6hnOoDfB",Thu Oct 10 11:19:07 +0000 2024,5,11
33,Women Foundation Ministries,"UMH2024 continues, day8 of impactful testimonies and sermons.
#Healthy&amp;WealthyFamilies
#UMH2024
#WFM https://t.co/DDClpXPiq8",Wed Oct 09 16:22:27 +0000 2024,2,8
34,Women Foundation Ministries,"Day 10 of UMH/UMM in Healthy and Wealthy Families. 
Talkshow.

#TalkShow #UMH2024 #UMM2024 #UMHUMM2024 #WFM #NFC #ApostleMignonne #Healthy&amp;WealthyFamilies https://t.co/qi0kYfWHtK",Fri Oct 11 10:28:56 +0000 2024,0,4
35,Shreya Prakash,"The thing about being a parent who is mostly always around (work-from-home) is that they don't appreciate your presence, but your absence is deeply felt. 
I don't think it's good, it just is.

#wfm #remotefounder #kids",Wed Oct 09 14:15:48 +0000 2024,0,2
36,Women Foundation Ministries,"Day 9 of UMH/UMM in Healthy and Wealthy Families. 
Girls Impact gathering.

#Day9 #TalkShow #UMH2024 #UMM2024 #UMHUMM2024 #WFM #NFC #ApostleMignonne #Healthy&amp;WealthyFamilies https://t.co/hfd6s2bm44",Thu Oct 10 12:58:21 +0000 2024,3,10
37,Women Foundation Ministries,"Day 11 of UMH/UMM in Healthy and Wealthy Families. 
Wirira Fellowship. 

#Wirira #UMH2024 #UMM2024 #UMHUMM2024 #WFM #NFC #ApostleMignonne #Healthy&amp;WealthyFamilies https://t.co/fVkDSx9qnk",Sat Oct 12 11:31:37 +0000 2024,0,5
38,Claire Preston,"Ready for a day of #remoteworking Algarve style 

#Mondaymorning #coaching #online #international #business https://t.co/MKfo8abXIx",Mon Oct 14 07:29:47 +0000 2024,0,7
39,Women Foundation Ministries,"Day 10 of UMH/UMM in Healthy and Wealthy Families. 
Talkshow.

#TalkShow #UMH2024 #UMM2024 #UMHUMM2024 #WFM #NFC #ApostleMignonne #Healthy&amp;WealthyFamilies https://t.co/1y7HUxkgrZ",Fri Oct 11 14:16:52 +0000 2024,1,9
40,Women Foundation Ministries,"Day 10 of UMH/UMM in Healthy and Wealthy Families. 
Talkshow.

#TalkShow #UMH2024 #UMM2024 #UMHUMM2024 #WFM #NFC #ApostleMignonne #Healthy&amp;WealthyFamilies https://t.co/jR0p5GsiyX",Fri Oct 11 11:14:03 +0000 2024,1,8
41,Women Foundation Ministries,"Day 9 of UMH/UMM in Healthy and Wealthy Families. 
Girls Impact gathering.

#Day9 #TalkShow #UMH2024 #UMM2024 #UMHUMM2024 #WFM #NFC #ApostleMignonne #Healthy&amp;WealthyFamilies https://t.co/uXV1FomUoc",Wed Oct 09 12:28:07 +0000 2024,0,6
42,Women Foundation Ministries,"Day 8 of UMH/UMM in Healthy and Wealthy Families. 

God has given us another opportunity.

#Day8 #TuesdayFellowship #UMH2024 #UMM2024 #UMHUMM2024 #WFM #NFC #ApostleMignonne #Healthy&amp;WealthyFamilies https://t.co/ltq3g1TD2H",Wed Oct 09 13:14:49 +0000 2024,0,3
43,Growth Hackers,"Effective Tips to Virtually Manage your Remote Team:
- Establish Realistic Goals
- Get Self-Reliant Employees
- Be Liberal
- Use Project Management Tools
- Be Supportive and Encourage Team Bonding

#RemoteWork #RemoteWorking #WFH #WorkFromHome

https://t.co/UobnZrAgdm",Sat Oct 12 12:18:00 +0000 2024,1,3
44,Mike Schiemer,"14 Skills Virtual Assistants And Other Remote Workers Need https://t.co/lFCgr773Vz

#VA #VirtualAssistant #VirtualAssistants #RemoteWork #RemoteWorking #RemoteWorker #RemoteWorkforce https://t.co/XzIdlMJ3IR",Thu Oct 10 12:03:22 +0000 2024,5,6
45,K Gow,"Hello work-from-homers in the UK.

A colleague is doing a study on how remote and hybrid working influences where you live, work, and commute. 

If you are interested in sharing your thoughts see the pic and contact kirsten.clarke@hutton.ac.uk for more info.

#WFH #RemoteWorking https://t.co/KtRReUKlsO",Thu Oct 10 16:09:33 +0000 2024,8,8
46,WorldFootballManager,"Experience the Thrill of World Football Manager! ‚öΩüéÆ
From tactical decisions to player management, every choice you make can lead to victory or defeat. Dive into the world of football management and lead your team to glory!
#WFM #FootballManager #NFTGaming #Gameplay #soccer https://t.co/xqoyt14Xcw",Tue Oct 08 13:32:49 +0000 2024,3,6
47,Women Foundation Ministries,"Day 11 of UMH/UMM in Healthy and Wealthy Families. 
Wirira Fellowship. 

#Wirira #UMH2024 #UMM2024 #UMHUMM2024 #WFM #NFC #ApostleMignonne #Healthy&amp;WealthyFamilies https://t.co/0N4MfgW5sm",Sat Oct 12 11:53:10 +0000 2024,2,18
48,Pro Cloud Solutions Ltd,"Whether engaging with us is your first step in outsourcing, or you are already used to delegating aspects of your business to external experts, you can be assured that our aim is to get you working smarter and faster. üíª

‚û° https://t.co/7ajqbRUzVL

#RemoteWorking #HybridWorking https://t.co/yMvviuQEHO",Tue Oct 08 12:24:23 +0000 2024,0,2
49,WorldFootballManager,"New to the game? Let‚Äôs get you started!
üèÜ Build your dream team
üí• Implement winning tactics
üéØ Train your team and unlock new skills
üî• Compete in tournaments and win rewards for every victory
     Build. Train. Play. Win!

#WFM #FootballManager #NFTGaming #Gameplay #soccer https://t.co/tCsbNjk4is",Wed Oct 09 13:43:36 +0000 2024,3,6
50,Ekovista.com,"Remote work solutions such as video conferencing software, project management tools, cloud-based storage and more. Connect with us.

#computerhelp #workingremotely #remotework #workfromhome #remoteworking #remotesupport #remoteuser #homeoffice #telecommuters #ekovista https://t.co/pJOLXV39fj",Fri Oct 04 14:11:01 +0000 2024,0,0
51,seamlessblend,"make a change for the better:  Declutter and organize your life so you can focus and achieve your goals | https://t.co/rWglOAiSuQ
 | #leadership #motivation #inspiration #business #businessleadership #executive #remoteworking #remotework #teleconference",Fri Sep 27 08:27:43 +0000 2024,0,0
52,CrowdGen by Appen,"üí° Did you know you can get better project recommendations by adding the languages you know?

Watch this video to learn how to update your language skills! üîì

#Appen #WorkFromAnywhere #FreelanceLife #RemoteWorking https://t.co/VxfLDGRcFL",Thu Sep 19 09:21:11 +0000 2024,0,3
53,OH Data Management Specialists / Archival Services,"Information, knowledge, documents &amp; data are among the greatest assets of your business

How you manage, access, share &amp; protect these assets is crucial

We can help on all counts

#WFH #RemoteWorking #Collaboration #Compliance 
#GDPR #Cloud #DataSecurity #DataProtection #Hull https://t.co/jgrqOPWNg6",Thu Aug 15 07:11:52 +0000 2024,0,5
54,Altiatech,"üèÜ Parallels¬Æ RAS (remote application server) is a flexible virtual application and desktop delivery solution that empowers organisations of all sizes to work securely from anywhere, on any device. 

#Technology #Citrix #VMware #remoteworking #hybridworking #wfh #workfromhome https://t.co/ZSKVsKzBK7",Thu Aug 15 13:26:00 +0000 2024,0,1
55,Altiatech,"Migrating to Parallels can yield substantial benefits by reducing complexity and streamlining maintenance processes. 

üìû Let's chat! Call 033 033 25842 or https://t.co/cqg6sXx7Pf  

#Technology #Citrix #VMware #remoteworking #hybridworking #wfh #workfromhome https://t.co/HSb363vhQE",Wed Aug 14 12:30:01 +0000 2024,0,1
56,CO‚Äî by U.S. Chamber of Commerce,Leading a hybrid team? Here's how to create and maintain your culture: https://t.co/5YQTkcJ9Og #hybridwork #remoteworking #companyculture https://t.co/FTMoJFjWjl,Thu Sep 05 20:30:06 +0000 2024,0,0
57,Raju sheikh,"5 Tips for Successful Remote Work""
#RemoteWork #WorkFromHome #WFH #ProductivityTips #RemoteLife #FreelanceLife #DigitalNomad #RemoteWorking #WorkLifeBalance #RemoteTeam #RemoteJob #HomeOffice #WorkFromAnywhere #OnlineWork #VirtualTeam #CollaborationTools #WorkRemotely #Rajusheikh https://t.co/QiV9wPZHUF",Thu Sep 26 04:10:01 +0000 2024,0,5
58,Search Remotely,We've counted 14 lessons learned from #workingfromhome #remotework #remoteworking If you need #tips #tipsandtricks read our comprehensive article https://t.co/WzzV7OhPaN https://t.co/BgWNx6Yq77,Fri Sep 20 20:17:14 +0000 2024,0,0
59,Gren Gale at PM Results,How to overcome the downside and enjoy the upsides with working remotely https://t.co/6bRkbpjcit  #remotework #remotejobs #wfh #workfromhome #remoteworking #digitalnomad #homeoffice #coworking   #business https://t.co/lYhqRaxgNY,Thu Oct 03 06:59:52 +0000 2024,0,0
60,Truly Remote,"Working From Home Is Powering Productivity 
https://t.co/qtQ2ScUSgs

#RemoteWork #RemoteJobs #RemoteWorking",Mon Sep 09 15:01:18 +0000 2024,0,0
61,FreeConference,"Thinking About Remote Work? Start Here 
-----&gt;https://t.co/P0pBlJmHOj

#remotework #workfromhome #remoteworking #digitalnomad #entrepreneur #wfh #business #coworking #covid #workfromanywhere #remotejobs #freelance #homeoffice #freelancer #startup #virtualassistant #remoteworker https://t.co/uibIssdDVv",Thu Aug 29 18:30:04 +0000 2024,0,3
62,Gren Gale at PM Results,How to enjoy remote working.   https://t.co/qqp8Bo34OH  #remotework #remotejobs #wfh #workfromhome #remoteworking #digitalnomad #homeoffice #coworking   #business #futureofwork #hybridwork #worklifebalance #remotelife #workingremote #remoteworkers https://t.co/Aj0jVBq83n,Wed Oct 02 20:19:55 +0000 2024,0,0
63,Truly Remote,"What Amazon's strict return to office policy says about remote work https://t.co/h7OER0flHK 

#RemoteWork #RemoteJobs #RemoteWorking",Sat Sep 21 12:40:40 +0000 2024,1,1
64,Catch the Sun Communications,"Do you #workfromhome &amp; struggle with #productivity? At Catch the Sun, we‚Äôve been working remotely for nearly 15 years now! Here are our tips to help improve productivity at home. Let us know yours in the comments!

#freelancing #freelancer #wfh #remoteworking #copywriter #editor https://t.co/UIie3sFwSX",Tue Aug 27 02:25:57 +0000 2024,0,0
65,Gren Gale at PM Results,Improve your life forever by making remote working work for you.  https://t.co/qqp8Bo34OH  #remotework #remotejobs #wfh #workfromhome #remoteworking #digitalnomad #homeoffice #coworking   #business #futureofwork #hybridwork #worklifebalance #remotelife #workingremote #remoteworke https://t.co/ogWX49zLaA,Wed Oct 02 22:01:01 +0000 2024,0,0
66,iStorage,"Scrub up on your data security while remote working with our blog belowüëá

üóûÔ∏èRead here: https://t.co/zYFxnKqbrV

#blog #datasecurity #istorage #remoteworking https://t.co/IxR71Vrja6",Tue May 07 15:00:42 +0000 2024,1,2
67,Truly Remote,"Cloud Collaboration Reimagined: Principal Engineer Mohan Sitaram on Maximizing Remote Work Efficiency in the Digital Era - https://t.co/Pa63eE46tx 

#RemoteWork #RemoteJobs #RemoteWorking",Mon Sep 23 14:58:58 +0000 2024,0,0
68,Coach Colin Bell,"Do you work from home? 

If you're *still* working without an ergonomic footrest, a ring light, or a second screen, you're missing out.

#optimisation #productivity #remoteworking #workfromhome

https://t.co/Awd5gpyzVN",Tue May 14 19:14:04 +0000 2024,0,0
69,HRCurator,Employee #engagement is up. Hybrid work ‚Äì and teamwork ‚Äì deserve the credit https://t.co/APEpiBiYVn @ADP #HR #HCM #HRM #HumanResources #e4s #HybridWorking #RW #RemoteWorking,Sun Oct 13 11:25:00 +0000 2024,1,0
70,ManningGlobal,"Smells Like Team Spirit! üé∏

A happy employee is a productive employee! üòÄ

Here's 8 fun-filled ways to achieve workplace nirvana both in &amp; out of the office! üòé

#Training #ManningGlobal #RemoteWorking #RemoteWork #SmellsLikeTeamSpirit #TeamworkMakingTheDreamWork #LoveWhatYouDo https://t.co/oqVA8IOiHz",Thu Aug 22 05:52:49 +0000 2024,2,5
71,Mt Hood Saints Baseball,"Fall Scrimmage Tomorrow!
#wfm https://t.co/tURzACjG8i",Fri Sep 20 17:58:44 +0000 2024,1,12
72,Ekovista.com,"Remote work solutions such as video conferencing software, project management tools, cloud-based storage and more. Connect with us.

#computerhelp #workingremotely #remotework #workfromhome #remoteworking #remotesupport #remoteuser #homeoffice #telecommuters #ekovista https://t.co/8cH9HciLLX",Sun Aug 04 14:11:00 +0000 2024,0,0
73,BIMA (British Interactive Media Association),"Learn how to get the best out of distributed teams with our exclusive masterclass with Prodigi. Get insights on managing remote teams across borders, keeping them engaged and achieving long-term success. Register today: https://t.co/PC61Gqsn3z

#BIMAMasterclass #RemoteWorking https://t.co/AfAI75xKWR",Thu Oct 03 09:07:28 +0000 2024,0,1
74,We Work Remotely,"Boss: Happy Monday! Great news: we‚Äôre switching to ‚Äòon-site‚Äô mode. Did you miss the office? üòí

#WorkHumor #RemoteWorkers #RemoteWorking #RemoteLife #WeWorkRemotely #Wfh #WorkFromAnywhere https://t.co/gU03UnbBoY",Mon Sep 30 16:00:23 +0000 2024,0,1
75,Cori Ramos,Top 10 must-have home office items for productivity and comfort - Rolling Out https://t.co/Ym4l0hP8lD? #homeoffice #remoteworking Rolling Out,Tue Aug 20 21:20:19 +0000 2024,0,0
76,Cori Ramos,"In this post, we'll delve into the realm of embracing balance as a home-based worker, offering #wellness tips to thrive personally &amp; professionally. Embracing Balance: Wellness Tips for the Home-Based Worker - Remote Working Mom Life https://t.co/O6qqOEco32 #remoteworking",Sun Aug 18 21:15:16 +0000 2024,0,1
77,Simply Do,"Remote and flexible working has become more than a temporary trend and is now a way of life for many. But what effect does this have on how successfully organisations are able to innovate?üí≠

Read our blog to find out...
https://t.co/EUFrqTfY5K 
#workfromhome #wfh #remoteworking https://t.co/Jplct4xfj9",Wed Oct 02 10:30:08 +0000 2024,0,0
78,ùìòùì™ùì∑ ùìúùì∏ùîÇùìºùìÆ #cloud,"Managing And Motivating Remote Teams
https://t.co/lZFzqQWaSl #podcast #remoteworking #remote #wfh #motivation https://t.co/8Cht1CB0lg",Tue Sep 03 19:38:30 +0000 2024,0,0
79,HR Grapevine News,"PwC will begin tracking the working locations of its UK employees, in a move aimed at enforcing its hybrid working policy that requires staff to spend a set number of days in the office.

#RemoteWorking #PwC

https://t.co/mtgkRPOnby https://t.co/LxeCWb7QRa",Mon Sep 09 11:15:05 +0000 2024,0,0
80,Truly Remote,"Most recruiters believe the rise in remote work opportunities has improved the quality of the applicant pools. https://t.co/hDqi2ElY4p 

#RemoteWork #RemoteJobs #RemoteWorking",Mon Sep 02 15:43:52 +0000 2024,0,0
81,Gren Gale at PM Results,Do employee monitoring tools have any place in remote work?  Read our views and review of Workpuls https://t.co/PcMBmyQwX3 #COVID #remotework #remotejobs #remoteworking  #wfh #homeoffice #digitalnomad #projectmanagement #management @Workpuls #workfromhome https://t.co/v0eoPVnoxY,Mon Oct 14 12:22:40 +0000 2024,0,0
82,Truly Remote,"Work from Anywhere, Connect Everywhere: Strengthening Remote Ties¬† https://t.co/nCi12cPSKy via @The European Business Review 

#RemoteWork #RemoteJobs #RemoteWorking",Mon Sep 30 14:24:17 +0000 2024,0,0
83,We Work Remotely,"Me and my work bestie talking about quitting the office life and going fully remote üòé‚úåüèºüíª

#WorkFromAnywhere #WorkRemote #RemoteLife #RemoteWorking #WeWorkRemotely #wfhperks https://t.co/IFGtGw2W8H",Tue Sep 03 16:00:23 +0000 2024,0,4
84,The Hindu Education Plus,"As traditional 9-5 jobs give way to #freelancing and #remoteworking, #MBA programmes need to be recalibrated to get students ready for a different workplace, writes Srinivasan K., Director, MBA ESG India.

https://t.co/JCcD1r0tuX",Fri Oct 04 14:22:00 +0000 2024,0,0
85,Truly Remote,"üåè New Job Opportunity in APAC! 
Loop is seeking a Technical Customer Support Specialist. If you are passionate about technology and enjoy assisting others, apply today and join a rapidly expanding global team!

https://t.co/dIantw3o9c

#RemoteWork #RemoteJobs #RemoteWorking",Wed Sep 18 16:46:53 +0000 2024,1,1
86,"Catherine Patterson-Sterling, Ph.D","Post: Strategies for creating cohesive, high performing remote teams https://t.co/RLkMhsmlGc #remoteworks #remotework #remoteworking #remoteleadership #leadershipmatters #MondayMotivaton #mondayblues #MondayMood #founders #ventureai #aitools #fintech #finance #SaaS #vcfirms #SMB",Mon Sep 16 17:45:07 +0000 2024,0,0
87,Gren Gale at PM Results,Looking to find a remote job?  There were thousands advertised weekly before the pandemic - this is how to find them https://t.co/l6XKxyNeT5  #remotework #remotejobs #wfh #remoteworking #digitalnomad #freelancer #jobsearch #coworking https://t.co/lrKoQvFGgG,Sun Oct 13 22:09:44 +0000 2024,0,0
88,Frugal Finance,"What To Know About Virtual Workforces And Office Administration https://t.co/d8Iwb6XTU5 

#Workforce #VirtualOffice #RemoteWork #RemoteWorking https://t.co/KXLYWS0fwv",Tue Sep 10 14:21:10 +0000 2024,3,4
89,Growth Hackers üöÄ,"Effective Tips to Virtually Manage your Remote Team:
- Establish Realistic Goals
- Get Self-Reliant Employees
- Be Liberal
- Use Project Management Tools
- Be Supportive and Encourage Team Bonding

#RemoteWork #RemoteWorking #WFH #WorkFromHome

https://t.co/Ff6wBuhWHl",Thu Sep 05 19:52:00 +0000 2024,0,1
